{"cameraMode":{"drawMode":0,"name":"Shaded","section":"Shading Mode"},"sceneLighting":true,"audioPlay":false,"sceneViewState":{"showFog":true,"showMaterialUpdate":false,"showSkybox":true,"showFlares":true,"showImageEffects":true,"showParticleSystems":true},"in2DMode":false,"pivot":{"x":2.517216205596924,"y":-1.385284185409546,"z":-4.700314044952393},"rotation":{"x":-0.17276625335216523,"y":-0.29008880257606509,"z":0.05332973971962929,"w":-0.9397647976875305},"size":11.232063293457032,"orthographic":false}