{"cameraMode":{"drawMode":0,"name":"Shaded","section":"Shading Mode"},"sceneLighting":true,"audioPlay":false,"sceneViewState":{"showFog":true,"showMaterialUpdate":false,"showSkybox":true,"showFlares":true,"showImageEffects":true,"showParticleSystems":true},"in2DMode":false,"pivot":{"x":-3.7544872760772707,"y":-12.637179374694825,"z":5.6924519538879398},"rotation":{"x":-0.4999733567237854,"y":-0.22514981031417848,"z":0.1364372819662094,"w":-0.8250573873519898},"size":37.71576690673828,"orthographic":false}